时间,目标距离,EBI速度,EBI速度(km/h),目标速度,目标速度（km/h）,车速数据(cm/s),车速(km/h),计算距离(m),公里标（m）,实际长度(m),列车重量,网压,车辆速度,ATO输出的电流值,当前坡度,PID控制器期望输出的加速度
9:53:12,135421,1567,56.412,1429,51.444,0,0.0,0.0,52132.246,,248,854,0,5688,0,100
9:53:12,135420,1567,56.412,1429,51.444,4,0.144,0.008,52132.254,,248,854,0,6324,0,100
9:53:12,135419,1567,56.412,1429,51.444,7,0.252,0.022,52132.268,,248,854,0,6816,0,100
9:53:12,135417,1567,56.412,1429,51.444,8,0.288,0.038,52132.284,,248,849,0,7236,0,100
9:53:12,135415,1567,56.412,1429,51.444,11,0.396,0.06,52132.306,,248,849,0,7656,0,100
9:53:13,135411,1567,56.412,1429,51.444,16,0.576,0.092,52132.338,,248,849,0,8508,0,100
9:53:13,135407,1567,56.412,1429,51.444,20,0.72,0.132,52132.378,,248,839,0,8772,0,100
9:53:13,135402,1567,56.412,1429,51.444,27,0.972,0.186,52132.432,,248,839,0,9216,0,100
9:53:13,135396,1567,56.412,1429,51.444,33,1.188,0.252,52132.498,,248,834,0,9696,0,100
9:53:13,135387,1567,56.412,1429,51.444,41,1.476,0.334,52132.58,,248,834,0,10116,0,100
9:53:14,135378,1567,56.412,1429,51.444,47,1.692,0.428,52132.674,,248,815,13,10752,0,100
9:53:14,135367,1567,56.412,1429,51.444,56,2.016,0.54,52132.786,,248,815,13,11232,0,100
9:53:14,135354,1567,56.412,1429,51.444,66,2.376,0.672,52132.918,,248,810,13,11736,0,100
9:53:14,135339,1567,56.412,1429,51.444,75,2.7,0.822,52133.068,,248,810,27,12156,0,100
9:53:14,135321,1567,56.412,1429,51.444,87,3.132,0.996,52133.242,,248,810,41,12648,0,100
9:53:15,135301,1567,56.412,1429,51.444,99,3.564,1.194,52133.44,,248,810,41,13416,0,100
9:53:15,135279,1567,56.412,1429,51.444,111,3.996,1.416,52133.662,,248,810,55,13704,0,100
9:53:15,135254,1567,56.412,1429,51.444,125,4.5,1.666,52133.912,,248,805,55,14124,0,100
9:53:15,135227,1567,56.412,1429,51.444,139,5.004,1.944,52134.19,,248,805,69,14616,0,100
9:53:15,135195,1567,56.412,1429,51.444,154,5.544,2.252,52134.498,,248,791,83,15108,0,100
9:53:16,135161,1567,56.412,1429,51.444,170,6.12,2.592,52134.838,,248,791,111,15672,0,100
9:53:16,135124,1567,56.412,1429,51.444,186,6.696,2.964,52135.21,,248,791,111,16140,0,100
9:53:16,135084,1567,56.412,1429,51.444,203,7.308,3.37,52135.616,,248,781,125,16572,0,100
9:53:16,135039,1567,56.412,1429,51.444,221,7.956,3.812,52136.058,,248,791,152,17064,0,100
9:53:16,134992,1567,56.412,1429,51.444,240,8.64,4.292,52136.538,,248,791,180,17472,0,100
9:53:17,134940,1567,56.412,1429,51.444,260,9.36,4.812,52137.058,,248,766,180,17664,0,100
9:53:17,134884,1567,56.412,1429,51.444,278,10.008,5.368,52137.614,,248,766,194,17676,0,100
9:53:17,134825,1567,56.412,1429,51.444,296,10.656,5.96,52138.206,,248,781,208,17676,0,100
9:53:17,134762,1567,56.412,1429,51.444,315,11.34,6.59,52138.836,,248,776,208,17676,0,100
9:53:17,134694,1567,56.412,1429,51.444,336,12.096,7.262,52139.508,,248,756,250,17664,0,100
9:53:18,134623,1567,56.412,1429,51.444,354,12.744,7.97,52140.216,,248,756,277,17664,0,100
9:53:18,134549,1567,56.412,1429,51.444,370,13.32,8.71,52140.956,,248,766,277,17664,0,100
9:53:18,134472,1567,56.412,1429,51.444,390,14.04,9.49,52141.736,,248,776,291,17676,0,100
9:53:18,134390,1567,56.412,1429,51.444,411,14.796,10.312,52142.558,,248,776,333,17664,0,100
9:53:18,134305,1567,56.412,1429,51.444,426,15.336,11.164,52143.41,,248,766,333,17676,0,100
9:53:19,134216,1567,56.412,1429,51.444,447,16.092,12.058,52144.304,,248,766,361,17676,0,100
9:53:19,134120,1567,56.412,1429,51.444,464,16.704,12.986,52145.232,,248,776,361,17664,0,100
9:53:19,134024,1567,56.412,1429,51.444,482,17.352,13.95,52146.196,,248,776,402,17664,0,100
9:53:19,133924,1567,56.412,1429,51.444,501,18.036,14.952,52147.198,,248,776,402,17664,0,100
9:53:19,133817,1567,56.412,1429,51.444,520,18.72,15.992,52148.238,,248,771,444,17664,0,100
9:53:20,133710,1567,56.412,1429,51.444,538,19.368,17.068,52149.314,,248,756,458,17664,0,100
9:53:20,133599,1567,56.412,1429,51.444,557,20.052,18.182,52150.428,,248,756,458,17676,0,100
9:53:20,133485,1567,56.412,1429,51.444,574,20.664,19.33,52151.576,,248,771,486,17676,0,100
9:53:20,133366,1567,56.412,1429,51.444,595,21.42,20.52,52152.766,,248,771,513,17676,0,100
9:53:20,133244,1567,56.412,1429,51.444,611,21.996,21.742,52153.988,,248,771,513,17676,0,100
9:53:21,133118,1567,56.412,1429,51.444,631,22.716,23.004,52155.25,,248,761,555,17664,0,100
9:53:21,132989,1567,56.412,1429,51.444,648,23.328,24.3,52156.546,,248,761,555,17676,0,100
9:53:21,132856,1567,56.412,1429,51.444,668,24.048,25.636,52157.882,,248,766,569,17676,0,100
9:53:21,132719,1567,56.412,1429,51.444,685,24.66,27.006,52159.252,,248,771,611,17664,0,100
9:53:21,132575,1567,56.412,1429,51.444,704,25.344,28.414,52160.66,,248,771,625,17676,0,100
9:53:22,132431,1567,56.412,1429,51.444,723,26.028,29.86,52162.106,,248,761,625,17664,0,100
9:53:22,132282,1567,56.412,1429,51.444,743,26.748,31.346,52163.592,,248,742,638,17664,0,100
9:53:22,132131,1567,56.412,1429,51.444,760,27.36,32.866,52165.112,,248,742,680,17664,0,100
9:53:22,131975,1567,56.412,1429,51.444,780,28.08,34.426,52166.672,,248,747,680,17664,0,100
9:53:22,131816,1567,56.412,1429,51.444,798,28.728,36.022,52168.268,,248,747,722,17676,0,100
9:53:23,131653,1567,56.412,1429,51.444,817,29.412,37.656,52169.902,,248,747,722,17664,0,100
9:53:23,131486,1567,56.412,1429,51.444,836,30.096,39.328,52171.574,,248,761,750,17664,0,100
9:53:23,131316,1567,56.412,1429,51.444,853,30.708,41.034,52173.28,,248,737,750,17664,0,100
9:53:23,131142,1567,56.412,1429,51.444,873,31.428,42.78,52175.026,,248,751,791,17676,0,100
9:53:23,130959,1567,56.412,1429,51.444,892,32.112,44.564,52176.81,,248,751,791,17664,0,100
9:53:24,130778,1567,56.412,1429,51.444,911,32.796,46.386,52178.632,,248,761,805,17676,0,100
9:53:24,130593,1567,56.412,1429,51.444,928,33.408,48.242,52180.488,,248,756,847,17664,0,100
9:53:24,130404,1567,56.412,1429,51.444,948,34.128,50.138,52182.384,,248,756,875,17664,0,100
9:53:24,130210,1567,56.412,1429,51.444,968,34.848,52.074,52184.32,,248,756,875,17664,0,100
9:53:24,130014,1567,56.412,1429,51.444,984,35.424,54.042,52186.288,,248,756,875,17676,0,100
9:53:25,129814,1567,56.412,1429,51.444,1003,36.108,56.048,52188.294,,248,751,930,17676,0,100
9:53:25,129610,1567,56.412,1429,51.444,1022,36.792,58.092,52190.338,,248,751,930,17664,0,100
9:53:25,129402,1567,56.412,1429,51.444,1041,37.476,60.174,52192.42,,248,751,958,17676,0,100
9:53:25,129191,1567,56.412,1429,51.444,1058,38.088,62.29,52194.536,,248,751,972,17664,0,100
9:53:25,128971,1567,56.412,1429,51.444,1077,38.772,64.444,52196.69,,248,732,972,17664,0,100
9:53:26,128753,1567,56.412,1429,51.444,1095,39.42,66.634,52198.88,,248,751,1000,17664,0,100
9:53:26,128530,1577,56.772,1439,51.804,1114,40.104,68.862,52201.108,,248,751,1000,17664,0,100
9:53:26,128304,1577,56.772,1439,51.804,1134,40.824,71.13,52203.376,,248,732,1041,17664,0,100
9:53:26,128074,1577,56.772,1439,51.804,1151,41.436,73.432,52205.678,,248,732,1069,17664,0,100
9:53:26,127842,1577,56.772,1439,51.804,1167,42.012,75.766,52208.012,,248,751,1097,17676,0,100
9:53:27,127605,1577,56.772,1439,51.804,1185,42.66,78.136,52210.382,,248,751,1097,17664,0,100
9:53:27,127365,1577,56.772,1439,51.804,1202,43.272,80.54,52212.786,,248,747,1125,17664,0,100
9:53:27,127122,1577,56.772,1439,51.804,1219,43.884,82.978,52215.224,,248,747,1125,17664,0,100
9:53:27,126876,1577,56.772,1439,51.804,1234,44.424,85.446,52217.692,,248,751,1152,17664,0,100
9:53:27,126620,1577,56.772,1439,51.804,1250,45.0,87.946,52220.192,,248,737,1180,17664,0,100
9:53:28,126367,1577,56.772,1439,51.804,1268,45.648,90.482,52222.728,,248,737,1180,17664,0,99
9:53:28,126111,1577,56.772,1439,51.804,1283,46.188,93.048,52225.294,,248,742,1194,17664,0,87
9:53:28,125852,1577,56.772,1439,51.804,1299,46.764,95.646,52227.892,,248,742,1236,17664,0,76
9:53:28,125590,1577,56.772,1439,51.804,1313,47.268,98.272,52230.518,,248,737,1236,17664,0,66
9:53:28,125325,1577,56.772,1439,51.804,1329,47.844,100.93,52233.176,,248,756,1250,17664,0,54
9:53:29,125057,1577,56.772,1439,51.804,1343,48.348,103.616,52235.862,,248,756,1277,17664,0,43
9:53:29,124786,1577,56.772,1439,51.804,1358,48.888,106.332,52238.578,,248,732,1277,17424,0,31
9:53:29,124513,1577,56.772,1439,51.804,1372,49.392,109.076,52241.322,,248,756,1291,16056,0,21
9:53:29,124237,1577,56.772,1439,51.804,1384,49.824,111.844,52244.09,,248,756,1333,14364,0,13
9:53:29,123952,1598,57.528,1460,52.56,1392,50.112,114.628,52246.874,,248,761,1347,12684,0,82
9:53:30,123673,1598,57.528,1460,52.56,1399,50.364,117.426,52249.672,,248,761,1347,11208,0,100
9:53:30,123393,1598,57.528,1460,52.56,1404,50.544,120.234,52252.48,,248,761,1375,8100,0,62
9:53:30,123112,1598,57.528,1460,52.56,1407,50.652,123.048,52255.294,,248,776,1375,6816,0,0
9:53:30,122831,1598,57.528,1454,52.344,1409,50.724,125.866,52258.112,,248,781,1388,7020,0,0
9:53:30,122549,1598,57.528,1454,52.344,1413,50.868,128.692,52260.938,,248,781,1402,7740,0,0
9:53:31,122266,2222,79.992,2084,75.024,1416,50.976,131.524,52263.77,,248,795,1402,7740,0,100
9:53:31,121984,2222,79.992,2084,75.024,1416,50.976,134.356,52266.602,,248,795,1402,3144,0,100
9:53:31,121702,2222,79.992,2084,75.024,1413,50.868,137.182,52269.428,,248,791,1416,2544,0,100
9:53:31,121420,2222,79.992,2084,75.024,1414,50.904,140.01,52272.256,,248,786,1416,2472,0,100
9:53:31,121131,2222,79.992,2084,75.024,1414,50.904,142.838,52275.084,,248,791,1416,4020,0,100
9:53:32,120849,2222,79.992,2084,75.024,1412,50.832,145.662,52277.908,,248,791,1416,4860,0,100
9:53:32,120567,2222,79.992,2084,75.024,1414,50.904,148.49,52280.736,,248,805,1416,5352,0,100
9:53:32,120285,2222,79.992,2084,75.024,1414,50.904,151.318,52283.564,,248,805,1416,5856,0,100
9:53:32,120002,2222,79.992,2084,75.024,1416,50.976,154.15,52286.396,,248,791,1416,6264,0,100
9:53:32,119720,2222,79.992,2084,75.024,1417,51.012,156.984,52289.23,,248,795,1416,6684,0,100
9:53:33,119436,2222,79.992,2084,75.024,1421,51.156,159.826,52292.072,,248,795,1416,7332,0,100
9:53:33,119152,2222,79.992,2084,75.024,1424,51.264,162.674,52294.92,,248,795,1416,7812,0,100
9:53:33,118867,2222,79.992,2084,75.024,1427,51.372,165.528,52297.774,,248,795,1416,8220,0,100
9:53:33,118581,2222,79.992,2084,75.024,1433,51.588,168.394,52300.64,,248,781,1416,8712,0,100
9:53:33,118287,2222,79.992,2084,75.024,1439,51.804,171.272,52303.518,,248,766,1416,9012,0,100
9:53:34,117999,2222,79.992,2084,75.024,1444,51.984,174.16,52306.406,,248,766,1430,9792,0,100
9:53:34,117709,2222,79.992,2084,75.024,1451,52.236,177.062,52309.308,,248,771,1430,10272,0,100
9:53:34,117419,2222,79.992,2084,75.024,1457,52.452,179.976,52312.222,,248,766,1430,10680,0,100
9:53:34,117127,2222,79.992,2084,75.024,1464,52.704,182.904,52315.15,,248,771,1430,11100,0,100
9:53:34,116833,2222,79.992,2084,75.024,1471,52.956,185.846,52318.092,,248,771,1430,11460,0,100
9:53:35,116538,2222,79.992,2084,75.024,1479,53.244,188.804,52321.05,,248,761,1444,12228,0,100
9:53:35,116241,2222,79.992,2084,75.024,1489,53.604,191.782,52324.028,,248,761,1458,12648,0,100
9:53:35,115943,2222,79.992,2084,75.024,1497,53.892,194.776,52327.022,,248,761,1458,13128,0,100
9:53:35,115642,2222,79.992,2084,75.024,1507,54.252,197.79,52330.036,,248,771,1458,13560,0,100
9:53:35,115332,2222,79.992,2084,75.024,1517,54.612,200.824,52333.07,,248,771,1472,14208,0,100
9:53:36,115027,2222,79.992,2084,75.024,1526,54.936,203.876,52336.122,,248,771,1486,14700,0,100
9:53:36,114721,2222,79.992,2084,75.024,1537,55.332,206.95,52339.196,,248,747,1500,15108,0,100
9:53:36,114412,2222,79.992,2084,75.024,1547,55.692,210.044,52342.29,,248,751,1500,15516,0,100
9:53:36,114101,2222,79.992,2084,75.024,1560,56.16,213.164,52345.41,,248,751,1513,15888,0,100
9:53:36,113788,2222,79.992,2084,75.024,1570,56.52,216.304,52348.55,,248,751,1513,16668,0,100
9:53:37,113472,2222,79.992,2084,75.024,1582,56.952,219.468,52351.714,,248,751,1541,17148,0,100
9:53:37,113154,2222,79.992,2084,75.024,1594,57.384,222.656,52354.902,,248,756,1555,17556,0,100
9:53:37,112834,2222,79.992,2084,75.024,1605,57.78,225.866,52358.112,,248,756,1555,17640,0,100
9:53:37,112511,2222,79.992,2084,75.024,1620,58.32,229.106,52361.352,,248,742,1555,17664,0,100
9:53:37,112177,2222,79.992,2084,75.024,1630,58.68,232.366,52364.612,,248,742,1583,17664,0,100
9:53:38,111850,2222,79.992,2084,75.024,1643,59.148,235.652,52367.898,,248,742,1583,17664,0,100
9:53:38,111519,2222,79.992,2084,75.024,1655,59.58,238.962,52371.208,,248,751,1611,17664,0,100
9:53:38,111187,2222,79.992,2084,75.024,1666,59.976,242.294,52374.54,,248,751,1611,17664,0,100
9:53:38,110852,2222,79.992,2084,75.024,1678,60.408,245.65,52377.896,,248,747,1611,17676,0,100
9:53:38,110515,2222,79.992,2084,75.024,1690,60.84,249.03,52381.276,,248,732,1638,17664,0,100
9:53:39,110176,2222,79.992,2084,75.024,1702,61.272,252.434,52384.68,,248,732,1652,17664,-1,100
9:53:39,109834,2222,79.992,2084,75.024,1713,61.668,255.86,52388.106,,248,742,1652,17664,-1,100
9:53:39,109490,2222,79.992,2084,75.024,1724,62.064,259.308,52391.554,,248,732,1666,17664,-1,100
9:53:39,109144,2222,79.992,2084,75.024,1736,62.496,262.78,52395.026,,248,732,1694,17664,-1,100
9:53:39,108787,2222,79.992,2084,75.024,1746,62.856,266.272,52398.518,,248,742,1694,17664,-1,100
9:53:40,108436,2222,79.992,2084,75.024,1758,63.288,269.788,52402.034,,248,742,1708,17664,-1,100
9:53:40,108083,2222,79.992,2084,75.024,1769,63.684,273.326,52405.572,,248,742,1722,17664,-1,100
9:53:40,107728,2222,79.992,2084,75.024,1780,64.08,276.886,52409.132,,248,737,1722,17664,-1,100
9:53:40,107371,2222,79.992,2084,75.024,1790,64.44,280.466,52412.712,,248,737,1736,17664,-1,100
9:53:40,107011,2222,79.992,2084,75.024,1803,64.908,284.072,52416.318,,248,747,1736,17664,-1,100
9:53:41,106650,2222,79.992,2084,75.024,1811,65.196,287.694,52419.94,,248,737,1777,17664,-1,100
9:53:41,106286,2222,79.992,2084,75.024,1822,65.592,291.338,52423.584,,248,742,1777,17664,-1,100
9:53:41,105920,2222,79.992,2084,75.024,1833,65.988,295.004,52427.25,,248,742,1791,17676,-1,100
9:53:41,105553,2222,79.992,2084,75.024,1843,66.348,298.69,52430.936,,248,747,1791,17664,-1,100
9:53:41,105174,2222,79.992,2084,75.024,1854,66.744,302.398,52434.644,,248,747,1805,17664,-1,100
9:53:42,104802,2222,79.992,2084,75.024,1864,67.104,306.126,52438.372,,248,732,1819,17664,-1,100
9:53:42,104428,2222,79.992,2084,75.024,1874,67.464,309.874,52442.12,,248,732,1833,17664,-1,100
9:53:42,104052,2222,79.992,2084,75.024,1885,67.86,313.644,52445.89,,248,732,1833,17664,-1,100
9:53:42,103674,2222,79.992,2084,75.024,1892,68.112,317.428,52449.674,,248,732,1861,17664,-1,100
9:53:42,103295,2222,79.992,2084,75.024,1903,68.508,321.234,52453.48,,248,742,1875,17664,-1,100
9:53:43,102913,2222,79.992,2084,75.024,1912,68.832,325.058,52457.304,,248,742,1875,17664,-1,100
9:53:43,102530,2222,79.992,2084,75.024,1919,69.084,328.896,52461.142,,248,742,1875,17664,-1,100
9:53:43,102145,2222,79.992,2084,75.024,1930,69.48,332.756,52465.002,,248,737,1875,17664,-1,100
9:53:43,101759,2222,79.992,2084,75.024,1938,69.768,336.632,52468.878,,248,737,1888,17664,-1,94
9:53:43,101360,2222,79.992,2084,75.024,1948,70.128,340.528,52472.774,,248,737,1916,17664,-1,86
9:53:44,100970,2222,79.992,2084,75.024,1958,70.488,344.444,52476.69,,248,737,1916,17664,-1,77
9:53:44,100577,2222,79.992,2084,75.024,1966,70.776,348.376,52480.622,,248,737,1930,17664,-1,71
9:53:44,100183,2222,79.992,2084,75.024,1976,71.136,352.328,52484.574,,248,737,1930,17664,-1,64
9:53:44,99787,2222,79.992,2084,75.024,1985,71.46,356.298,52488.544,,248,751,1944,17664,-1,56
9:53:44,99389,2222,79.992,2084,75.024,1994,71.784,360.286,52492.532,,248,747,1958,17664,-1,49
9:53:45,98990,2222,79.992,2084,75.024,2002,72.072,364.29,52496.536,,248,737,1972,17664,-1,44
9:53:45,98589,2222,79.992,2084,75.024,2011,72.396,368.312,52500.558,,248,737,1972,17664,-1,37
9:53:45,98186,2222,79.992,2084,75.024,2020,72.72,372.352,52504.598,,248,742,1986,17664,-1,29
9:53:45,97781,2222,79.992,2084,75.024,2028,73.008,376.408,52508.654,,248,732,1986,17664,-1,23
9:53:45,97365,2222,79.992,2084,75.024,2036,73.296,380.48,52512.726,,248,732,2000,17664,-1,0
9:53:46,96956,2222,79.992,2084,75.024,2046,73.656,384.572,52516.818,,248,737,2000,17664,-1,0
9:53:46,96547,2222,79.992,2084,75.024,2053,73.908,388.678,52520.924,,248,737,2013,15936,-1,0
9:53:46,96136,2222,79.992,2084,75.024,2062,74.232,392.802,52525.048,,248,751,2027,12972,-1,-2
9:53:46,95723,2222,79.992,2084,75.024,2068,74.448,396.938,52529.184,,248,737,2041,4728,-1,-6
9:53:46,95310,2222,79.992,2084,75.024,2072,74.592,401.082,52533.328,,248,737,2041,2760,-1,-4
9:53:47,94897,2222,79.992,2084,75.024,2069,74.484,405.22,52537.466,,248,737,2055,2616,-1,0
9:53:47,94484,2222,79.992,2084,75.024,2067,74.412,409.354,52541.6,,248,766,2055,4080,-1,0
9:53:47,94072,2222,79.992,2084,75.024,2069,74.484,413.492,52545.738,,248,766,2055,4572,-1,0
9:53:47,93659,2222,79.992,2084,75.024,2068,74.448,417.628,52549.874,,248,800,2069,4560,-1,0
9:53:47,93237,2222,79.992,2084,75.024,2064,74.304,421.756,52554.002,,248,815,2069,3156,-1,0
9:53:48,92825,2222,79.992,2084,75.024,2065,74.34,425.886,52558.132,,248,815,2069,2604,-1,0
9:53:48,92414,2222,79.992,2084,75.024,2063,74.268,430.012,52562.258,,248,800,2069,2460,-1,0
9:53:48,92002,2222,79.992,2084,75.024,2061,74.196,434.134,52566.38,,248,800,2069,2460,-1,0
9:53:48,91659,2222,79.992,2084,75.024,2060,74.16,438.254,52570.5,,248,800,2069,2460,-1,0
9:53:48,91248,2222,79.992,2084,75.024,2060,74.16,442.374,52574.62,,248,800,2069,2448,-1,0
9:53:49,90837,2222,79.992,2084,75.024,2061,74.196,446.496,52578.742,,248,791,2069,2448,-1,0
9:53:49,90427,2222,79.992,2084,75.024,2058,74.088,450.612,52582.858,,248,791,2069,2448,-1,0
9:53:49,90016,2222,79.992,2084,75.024,2057,74.052,454.726,52586.972,,248,791,2069,2460,-1,0
9:53:49,89606,2222,79.992,2084,75.024,2056,74.016,458.838,52591.084,,248,800,2055,2448,-1,0
9:53:49,89186,2222,79.992,2084,75.024,2057,74.052,462.952,52595.198,,248,800,2055,2448,-1,0
9:53:50,88776,2222,79.992,2084,75.024,2054,73.944,467.06,52599.306,,248,805,2055,2460,-1,0
9:53:50,88366,2222,79.992,2084,75.024,2053,73.908,471.166,52603.412,,248,815,2055,2448,-1,0
9:53:50,87957,2222,79.992,2084,75.024,2052,73.872,475.27,52607.516,,248,815,2055,2448,-1,0
9:53:50,87548,2222,79.992,2084,75.024,2050,73.8,479.37,52611.616,,248,805,2055,2448,-1,0
9:53:50,87139,2222,79.992,2084,75.024,2048,73.728,483.466,52615.712,,248,800,2055,2448,-1,0
9:53:51,86731,2222,79.992,2084,75.024,2048,73.728,487.562,52619.808,,248,800,2055,2448,-1,0
9:53:51,86322,2222,79.992,2084,75.024,2048,73.728,491.658,52623.904,,248,800,2055,2460,-1,0
9:53:51,85914,2222,79.992,2084,75.024,2047,73.692,495.752,52627.998,,248,795,2055,2460,-1,0
9:53:51,85506,2222,79.992,2084,75.024,2045,73.62,499.842,52632.088,,248,795,2055,2448,-1,0
9:53:51,85088,2222,79.992,2084,75.024,2045,73.62,503.932,52636.178,,248,805,2055,2460,-1,0
9:53:52,84680,2222,79.992,2084,75.024,2045,73.62,508.022,52640.268,,248,805,2055,2460,-1,0
9:53:52,84272,2222,79.992,2084,75.024,2043,73.548,512.108,52644.354,,248,805,2055,2460,-1,0
9:53:52,83865,2222,79.992,2084,75.024,2041,73.476,516.19,52648.436,,248,810,2055,2448,-1,0
9:53:52,83458,2222,79.992,2084,75.024,2042,73.512,520.274,52652.52,,248,810,2055,2448,-1,0
9:53:52,83051,2222,79.992,2084,75.024,2040,73.44,524.354,52656.6,,248,805,2055,2448,-1,0
9:53:53,82644,2222,79.992,2084,75.024,2040,73.44,528.434,52660.68,,248,805,2041,2460,-1,0
9:53:53,82237,2222,79.992,2084,75.024,2037,73.332,532.508,52664.754,,248,800,2041,2460,-1,0
9:53:53,81831,2222,79.992,2084,75.024,2037,73.332,536.582,52668.828,,248,805,2041,2448,-1,0
9:53:53,81425,2222,79.992,2084,75.024,2037,73.332,540.656,52672.902,,248,791,2041,2460,-1,0
9:53:53,81009,2222,79.992,2084,75.024,2033,73.188,544.722,52676.968,,248,791,2041,2448,-1,0
9:53:54,80603,2222,79.992,2084,75.024,2034,73.224,548.79,52681.036,,248,795,2041,2448,-1,0
9:53:54,80198,2222,79.992,2084,75.024,2033,73.188,552.856,52685.102,,248,795,2041,2448,-1,0
9:53:54,79792,2222,79.992,2084,75.024,2032,73.152,556.92,52689.166,,248,805,2041,2448,-1,0
9:53:54,79387,2222,79.992,2084,75.024,2030,73.08,560.98,52693.226,,248,805,2041,2448,-1,0
9:53:54,78982,2222,79.992,2084,75.024,2031,73.116,565.042,52697.288,,248,805,2041,2448,-1,0
9:53:55,78577,2222,79.992,2084,75.024,2030,73.08,569.102,52701.348,,248,805,2041,2460,-1,0
9:53:55,78173,2222,79.992,2084,75.024,2028,73.008,573.158,52705.404,,248,805,2041,2460,-1,0
9:53:55,77768,2222,79.992,2084,75.024,2028,73.008,577.214,52709.46,,248,800,2027,2448,-1,0
9:53:55,77364,2222,79.992,2084,75.024,2026,72.936,581.266,52713.512,,248,795,2027,2460,-1,0
9:53:55,76950,2222,79.992,2084,75.024,2025,72.9,585.316,52717.562,,248,795,2027,2448,0,0
9:53:56,76546,2222,79.992,2084,75.024,2023,72.828,589.362,52721.608,,248,791,2027,2460,0,0
9:53:56,76143,2222,79.992,2084,75.024,2023,72.828,593.408,52725.654,,248,795,2027,2448,0,0
9:53:56,75740,2222,79.992,2084,75.024,2020,72.72,597.448,52729.694,,248,795,2027,2448,0,0
9:53:56,75336,2222,79.992,2084,75.024,2021,72.756,601.49,52733.736,,248,791,2027,2448,0,0
9:53:56,74934,2222,79.992,2084,75.024,2019,72.684,605.528,52737.774,,248,791,2027,2448,0,0
9:53:57,74531,2222,79.992,2084,75.024,2018,72.648,609.564,52741.81,,248,791,2027,2460,0,0
9:53:57,74129,2222,79.992,2084,75.024,2016,72.576,613.596,52745.842,,248,791,2027,2448,0,0
9:53:57,73727,2222,79.992,2084,75.024,2016,72.576,617.628,52749.874,,248,781,2027,2448,0,0
9:53:57,73325,2222,79.992,2084,75.024,2014,72.504,621.656,52753.902,,248,781,2027,2460,0,0
9:53:57,72914,2222,79.992,2084,75.024,2011,72.396,625.678,52757.924,,248,795,2027,2448,0,0
9:53:58,72512,2222,79.992,2084,75.024,2011,72.396,629.7,52761.946,,248,795,2013,2448,1,0
9:53:58,72112,2222,79.992,2084,75.024,2007,72.252,633.714,52765.96,,248,791,2013,2448,1,0
9:53:58,71711,2222,79.992,2084,75.024,2008,72.288,637.73,52769.976,,248,781,2013,2448,1,0
9:53:58,71311,2222,79.992,2084,75.024,2005,72.18,641.74,52773.986,,248,786,2013,2448,1,0
9:53:58,70912,2222,79.992,2084,75.024,2005,72.18,645.75,52777.996,,248,786,2013,2448,1,0
9:53:59,70513,2222,79.992,2084,75.024,2000,72.0,649.75,52781.996,,248,786,2013,2448,1,0
9:53:59,70113,2222,79.992,2084,75.024,2001,72.036,653.752,52785.998,,248,791,2013,2448,2,0
9:53:59,69715,2222,79.992,2084,75.024,1996,71.856,657.744,52789.99,,248,786,2013,2448,2,0
9:53:59,69317,2222,79.992,2084,75.024,1997,71.892,661.738,52793.984,,248,786,2013,2460,2,0
9:53:59,68909,2222,79.992,2084,75.024,1995,71.82,665.728,52797.974,,248,786,2000,2460,2,0
9:54:00,68511,2222,79.992,2084,75.024,1992,71.712,669.712,52801.958,,248,771,2000,2460,2,0
9:54:00,68114,2222,79.992,2084,75.024,1992,71.712,673.696,52805.942,,248,781,2000,2448,3,0
9:54:00,67717,2222,79.992,2084,75.024,1989,71.604,677.674,52809.92,,248,781,2000,2460,3,0
9:54:00,67320,2222,79.992,2084,75.024,1989,71.604,681.652,52813.898,,248,781,2000,2448,3,0
9:54:00,66924,2222,79.992,2084,75.024,1987,71.532,685.626,52817.872,,248,781,2000,2448,3,0
9:54:01,66528,2222,79.992,2084,75.024,1984,71.424,689.594,52821.84,,248,766,2000,2448,3,0
9:54:01,66132,2222,79.992,2084,75.024,1983,71.388,693.56,52825.806,,248,781,1986,2448,3,0
9:54:01,65737,2222,79.992,2084,75.024,1981,71.316,697.522,52829.768,,248,766,1986,2460,3,0
9:54:01,65343,2222,79.992,2084,75.024,1979,71.244,701.48,52833.726,,248,766,1986,2460,3,0
9:54:01,64938,2222,79.992,2084,75.024,1978,71.208,705.436,52837.682,,248,766,1986,2448,3,0
9:54:02,64544,2222,79.992,2084,75.024,1975,71.1,709.386,52841.632,,248,766,1986,2448,3,0
9:54:02,64150,2222,79.992,2084,75.024,1974,71.064,713.334,52845.58,,248,776,1986,2460,3,0
9:54:02,63757,2222,79.992,2084,75.024,1971,70.956,717.276,52849.522,,248,776,1986,2448,3,0
9:54:02,63364,2222,79.992,2084,75.024,1971,70.956,721.218,52853.464,,248,761,1972,2448,3,0
9:54:02,62971,2222,79.992,2084,75.024,1967,70.812,725.152,52857.398,,248,761,1972,2448,3,0
9:54:03,62579,2222,79.992,2084,75.024,1967,70.812,729.086,52861.332,,248,766,1972,2460,3,0
9:54:03,62187,2222,79.992,2084,75.024,1964,70.704,733.014,52865.26,,248,771,1972,2460,3,0
9:54:03,61795,2222,79.992,2084,75.024,1963,70.668,736.94,52869.186,,248,771,1972,2448,3,0
9:54:03,61404,2222,79.992,2084,75.024,1960,70.56,740.86,52873.106,,248,776,1972,2448,3,0
9:54:03,61003,2222,79.992,2084,75.024,1960,70.56,744.78,52877.026,,248,776,1972,2448,3,0
9:54:04,60613,2222,79.992,2084,75.024,1955,70.38,748.69,52880.936,,248,761,1958,2448,3,0
9:54:04,60223,2222,79.992,2084,75.024,1956,70.416,752.602,52884.848,,248,761,1958,2448,3,0
9:54:04,59834,2222,79.992,2084,75.024,1953,70.308,756.508,52888.754,,248,766,1958,2448,3,0
9:54:04,59444,2222,79.992,2084,75.024,1952,70.272,760.412,52892.658,,248,766,1958,2448,3,0
9:54:04,59055,2222,79.992,2084,75.024,1949,70.164,764.31,52896.556,,248,776,1958,2448,3,0
9:54:05,58666,2222,79.992,2084,75.024,1949,70.164,768.208,52900.454,,248,781,1958,2460,3,0
9:54:05,58278,2222,79.992,2084,75.024,1945,70.02,772.098,52904.344,,248,771,1958,2448,3,0
9:54:05,57890,2222,79.992,2084,75.024,1945,70.02,775.988,52908.234,,248,771,1958,2448,3,0
9:54:05,57503,2222,79.992,2084,75.024,1940,69.84,779.868,52912.114,,248,771,1958,2448,3,0
9:54:05,57106,2222,79.992,2084,75.024,1941,69.876,783.75,52915.996,,248,786,1958,2448,3,0
9:54:06,56720,2222,79.992,2084,75.024,1937,69.732,787.624,52919.87,,248,786,1944,2448,3,0
9:54:06,56334,2222,79.992,2084,75.024,1936,69.696,791.496,52923.742,,248,786,1944,2448,3,0
9:54:06,55948,2222,79.992,2084,75.024,1934,69.624,795.364,52927.61,,248,791,1944,2448,3,0
9:54:06,55562,2222,79.992,2084,75.024,1934,69.624,799.232,52931.478,,248,805,1944,2448,3,0
9:54:06,55177,2222,79.992,2084,75.024,1930,69.48,803.092,52935.338,,248,805,1944,2448,3,0
9:54:07,54792,2222,79.992,2084,75.024,1928,69.408,806.948,52939.194,,248,820,1944,2460,3,0
9:54:07,54408,2222,79.992,2084,75.024,1926,69.336,810.8,52943.046,,248,820,1944,2460,3,0
9:54:07,54024,2222,79.992,2084,75.024,1925,69.3,814.65,52946.896,,248,844,1944,2460,3,0
9:54:07,53641,2222,79.992,2084,75.024,1921,69.156,818.492,52950.738,,248,878,1930,2448,3,0
9:54:07,53248,2222,79.992,2084,75.024,1921,69.156,822.334,52954.58,,248,869,1930,2448,3,0
9:54:08,52866,2222,79.992,2084,75.024,1916,68.976,826.166,52958.412,,248,869,1930,2448,3,0
9:54:08,52483,2222,79.992,2084,75.024,1916,68.976,829.998,52962.244,,248,869,1930,2448,3,0
9:54:08,52102,2222,79.992,2084,75.024,1914,68.904,833.826,52966.072,,248,869,1930,2448,3,0
9:54:08,51720,2222,79.992,2084,75.024,1912,68.832,837.65,52969.896,,248,883,1930,2448,3,0
9:54:08,51339,2222,79.992,2084,75.024,1911,68.796,841.472,52973.718,,248,883,1930,2448,3,0
9:54:09,50958,2222,79.992,2084,75.024,1908,68.688,845.288,52977.534,,248,869,1916,2448,3,0
9:54:09,50578,2222,79.992,2084,75.024,1908,68.688,849.104,52981.35,,248,869,1916,2448,3,0
9:54:09,50198,2222,79.992,2084,75.024,1904,68.544,852.912,52985.158,,248,864,1916,2448,3,0
9:54:09,49818,2222,79.992,2084,75.024,1903,68.508,856.718,52988.964,,248,849,1916,2448,3,0
9:54:09,49538,2222,79.992,2084,75.024,1900,68.4,860.518,52992.764,,248,849,1916,2460,3,0
9:54:10,49160,2222,79.992,2084,75.024,1899,68.364,864.316,52996.562,,248,834,1916,2460,3,0
9:54:10,48781,2222,79.992,2084,75.024,1895,68.22,868.106,53000.352,,248,834,1902,2460,3,0
9:54:10,48403,2222,79.992,2084,75.024,1895,68.22,871.896,53004.142,,248,825,1902,2448,3,0
9:54:10,48026,2222,79.992,2084,75.024,1893,68.148,875.682,53007.928,,248,834,1902,2460,3,0
9:54:10,47649,2222,79.992,2084,75.024,1890,68.04,879.462,53011.708,,248,825,1902,2460,3,0
9:54:11,47272,2222,79.992,2084,75.024,1889,68.004,883.24,53015.486,,248,825,1902,2460,3,0
9:54:11,46895,2222,79.992,2084,75.024,1887,67.932,887.014,53019.26,,248,810,1902,2460,3,0
9:54:11,46519,2222,79.992,2084,75.024,1885,67.86,890.784,53023.03,,248,815,1902,2460,3,0
9:54:11,46144,2222,79.992,2084,75.024,1882,67.752,894.548,53026.794,,248,810,1888,2448,3,0
9:54:11,45759,2222,79.992,2084,75.024,1882,67.752,898.312,53030.558,,248,810,1888,2460,3,0
9:54:12,45384,2222,79.992,2084,75.024,1878,67.608,902.068,53034.314,,248,810,1888,2460,3,0
9:54:12,45010,2222,79.992,2084,75.024,1878,67.608,905.824,53038.07,,248,810,1888,2460,3,0
9:54:12,44636,2222,79.992,2084,75.024,1873,67.428,909.57,53041.816,,248,810,1888,2448,3,0
9:54:12,44262,2222,79.992,2084,75.024,1872,67.392,913.314,53045.56,,248,805,1888,2448,3,0
9:54:12,43889,2222,79.992,2084,75.024,1871,67.356,917.056,53049.302,,248,805,1875,2460,3,0
9:54:13,43516,2222,79.992,2084,75.024,1869,67.284,920.794,53053.04,,248,805,1875,2448,3,0
9:54:13,43144,2222,79.992,2084,75.024,1867,67.212,924.528,53056.774,,248,791,1875,2448,3,0
9:54:13,42772,2222,79.992,2084,75.024,1865,67.14,928.258,53060.504,,248,795,1875,2448,3,0
9:54:13,42400,2222,79.992,2084,75.024,1863,67.068,931.984,53064.23,,248,795,1875,2448,3,0
9:54:13,42020,2222,79.992,2084,75.024,1861,66.996,935.706,53067.952,,248,791,1875,2448,3,0
9:54:14,41649,2222,79.992,2084,75.024,1858,66.888,939.422,53071.668,,248,791,1875,2448,3,0
9:54:14,41278,2222,79.992,2084,75.024,1858,66.888,943.138,53075.384,,248,795,1861,2448,3,0
9:54:14,40908,2222,79.992,2083,74.988,1854,66.744,946.846,53079.092,,248,795,1861,2448,3,0
9:54:14,40539,2222,79.992,2073,74.628,1854,66.744,950.554,53082.8,,248,786,1861,2460,3,0
9:54:14,40169,2222,79.992,2064,74.304,1851,66.636,954.256,53086.502,,248,786,1861,2448,3,0
9:54:15,39800,2222,79.992,2054,73.944,1851,66.636,957.958,53090.204,,248,800,1861,2448,3,0
9:54:15,39431,2222,79.992,2045,73.62,1848,66.528,961.654,53093.9,,248,786,1861,2460,3,0
9:54:15,39063,2222,79.992,2035,73.26,1846,66.456,965.346,53097.592,,248,786,1861,2448,3,0
9:54:15,38695,2222,79.992,2026,72.936,1845,66.42,969.036,53101.282,,248,786,1861,2448,3,0
9:54:15,38318,2222,79.992,2016,72.576,1842,66.312,972.72,53104.966,,248,786,1847,2460,3,0
9:54:16,37951,2222,79.992,2006,72.216,1840,66.24,976.4,53108.646,,248,791,1847,2448,3,0
9:54:16,37584,2222,79.992,1996,71.856,1838,66.168,980.076,53112.322,,248,786,1847,2448,3,0
9:54:16,37218,2222,79.992,1987,71.532,1836,66.096,983.748,53115.994,,248,795,1847,2448,3,0
9:54:16,36852,2222,79.992,1977,71.172,1836,66.096,987.42,53119.666,,248,795,1847,2448,3,0
9:54:16,36486,2222,79.992,1967,70.812,1831,65.916,991.082,53123.328,,248,786,1847,2448,3,0
9:54:17,36121,2222,79.992,1957,70.452,1831,65.916,994.744,53126.99,,248,800,1847,2448,3,0
9:54:17,35756,2222,79.992,1947,70.092,1828,65.808,998.4,53130.646,,248,795,1847,2448,3,0
9:54:17,35391,2222,79.992,1937,69.732,1828,65.808,1002.056,53134.302,,248,795,1847,2460,3,0
9:54:17,35027,2222,79.992,1927,69.372,1825,65.7,1005.706,53137.952,,248,791,1833,2448,3,0
9:54:17,34655,2222,79.992,1917,69.012,1823,65.628,1009.352,53141.598,,248,791,1833,2448,3,0
9:54:18,34291,2222,79.992,1907,68.652,1822,65.592,1012.996,53145.242,,248,800,1833,2448,3,0
9:54:18,33929,2219,79.884,1897,68.292,1818,65.448,1016.632,53148.878,,248,800,1833,2448,3,-3
9:54:18,33566,2206,79.416,1887,67.932,1818,65.448,1020.268,53152.514,,248,795,1833,2460,3,-11
9:54:18,33204,2193,78.948,1877,67.572,1815,65.34,1023.898,53156.144,,248,786,1819,2448,3,-18
9:54:18,32842,2180,78.48,1866,67.176,1812,65.232,1027.522,53159.768,,248,786,1819,2448,3,-23
9:54:19,32481,2166,77.976,1856,66.816,1812,65.232,1031.146,53163.392,,248,781,1819,3768,3,-33
9:54:19,32120,2153,77.508,1846,66.456,1807,65.052,1034.76,53167.006,,248,795,1819,5616,3,-36
9:54:19,31760,2140,77.04,1835,66.06,1804,64.944,1038.368,53170.614,,248,795,1819,6144,3,-40
9:54:19,31402,2126,76.536,1825,65.7,1796,64.656,1041.96,53174.206,,248,795,1819,6768,3,-38
9:54:19,31036,2113,76.068,1814,65.304,1790,64.44,1045.54,53177.786,,248,810,1819,7512,3,-38
9:54:20,30681,2099,75.564,1804,64.944,1782,64.152,1049.104,53181.35,,248,810,1805,8664,3,-39
9:54:20,30327,2086,75.096,1793,64.548,1772,63.792,1052.648,53184.894,,248,839,1805,8880,3,-36
9:54:20,29976,2073,74.628,1783,64.188,1760,63.36,1056.168,53188.414,,248,839,1791,8772,3,-30
9:54:20,29626,2059,74.124,1773,63.828,1752,63.072,1059.672,53191.918,,248,849,1791,8784,3,-31
9:54:20,29279,2046,73.656,1762,63.432,1743,62.748,1063.158,53195.404,,248,839,1791,8832,3,-36
9:54:21,28933,2033,73.188,1752,63.072,1733,62.388,1066.624,53198.87,,248,839,1777,8244,3,-37
9:54:21,28588,2019,72.684,1741,62.676,1726,62.136,1070.076,53202.322,,248,839,1777,7920,3,-41
9:54:21,28245,2006,72.216,1731,62.316,1719,61.884,1073.514,53205.76,,248,839,1763,7920,3,-46
9:54:21,27905,1975,71.1,1720,61.92,1708,61.488,1076.93,53209.176,,248,839,1750,8364,3,-45
9:54:21,27557,1962,70.632,1710,61.56,1701,61.236,1080.332,53212.578,,248,830,1736,8892,3,-45
9:54:22,27220,1949,70.164,1699,61.164,1690,60.84,1083.712,53215.958,,248,830,1736,9468,3,-45
9:54:22,26884,1935,69.66,1689,60.804,1680,60.48,1087.072,53219.318,,248,830,1722,9732,3,-43
9:54:22,26551,1922,69.192,1678,60.408,1670,60.12,1090.412,53222.658,,248,839,1708,9636,3,-43
9:54:22,26220,1893,68.148,1668,60.048,1659,59.724,1093.73,53225.976,,248,839,1708,9684,3,-42
9:54:22,25891,1880,67.68,1657,59.652,1648,59.328,1097.026,53229.272,,248,849,1708,9516,3,-41
9:54:23,25565,1867,67.212,1647,59.292,1637,58.932,1100.3,53232.546,,248,849,1680,9408,3,-40
9:54:23,25240,1854,66.744,1636,58.896,1630,58.68,1103.56,53235.806,,248,854,1680,9432,3,-46
9:54:23,24917,1841,66.276,1626,58.536,1618,58.248,1106.796,53239.042,,248,854,1666,9312,3,-45
9:54:23,24596,1828,65.808,1615,58.14,1610,57.96,1110.016,53242.262,,248,854,1666,9204,3,-47
9:54:23,24269,1814,65.304,1605,57.78,1598,57.528,1113.212,53245.458,,248,908,1638,9396,3,-45
9:54:24,23952,1801,64.836,1594,57.384,1589,57.204,1116.39,53248.636,,248,908,1638,9708,3,-45
9:54:24,23637,1788,64.368,1584,57.024,1577,56.772,1119.544,53251.79,,248,903,1625,9720,3,-43
9:54:24,23324,1775,63.9,1573,56.628,1568,56.448,1122.68,53254.926,,248,903,1611,9864,3,-45
9:54:24,23014,1762,63.432,1563,56.268,1557,56.052,1125.794,53258.04,,248,903,1611,9696,3,-45
9:54:24,22705,1749,62.964,1552,55.872,1546,55.656,1128.886,53261.132,,248,903,1611,9660,3,-44
9:54:25,22399,1736,62.496,1542,55.512,1536,55.296,1131.958,53264.204,,248,903,1611,9504,3,-44
9:54:25,22095,1723,62.028,1531,55.116,1526,54.936,1135.01,53267.256,,248,903,1583,9612,3,-46
9:54:25,21792,1710,61.56,1521,54.756,1515,54.54,1138.04,53270.286,,248,903,1583,9660,3,-45
9:54:25,21492,1697,61.092,1510,54.36,1504,54.144,1141.048,53273.294,,248,898,1541,9564,3,-44
9:54:25,21187,1684,60.624,1499,53.964,1493,53.748,1144.034,53276.28,,248,898,1541,9552,3,-44
9:54:26,20891,1671,60.156,1489,53.604,1483,53.388,1147.0,53279.246,,248,898,1541,9708,3,-44
9:54:26,20598,1658,59.688,1478,53.208,1472,52.992,1149.944,53282.19,,248,898,1513,9636,3,-44
9:54:26,20306,1645,59.22,1468,52.848,1462,52.632,1152.868,53285.114,,248,903,1500,9528,3,-44
9:54:26,20016,1632,58.752,1457,52.452,1451,52.236,1155.77,53288.016,,248,903,1500,9528,3,-44
9:54:26,19729,1619,58.284,1447,52.092,1440,51.84,1158.65,53290.896,,248,893,1500,9552,3,-43
9:54:27,19444,1607,57.852,1436,51.696,1429,51.444,1161.508,53293.754,,248,893,1472,9576,3,-42
9:54:27,19161,1598,57.528,1426,51.336,1420,51.12,1164.348,53296.594,,248,893,1472,9576,3,-45
9:54:27,18880,1598,57.528,1415,50.94,1409,50.724,1167.166,53299.412,,248,898,1458,9576,3,-45
9:54:27,18601,1598,57.528,1405,50.58,1399,50.364,1169.964,53302.21,,248,898,1444,9384,3,-45
9:54:27,18317,1577,56.772,1394,50.184,1387,49.932,1172.738,53304.984,,248,898,1444,9360,3,-43
9:54:28,18042,1577,56.772,1384,49.824,1377,49.572,1175.492,53307.738,,248,898,1416,9552,3,-42
9:54:28,17769,1577,56.772,1373,49.428,1367,49.212,1178.226,53310.472,,248,903,1416,9696,3,-44
9:54:28,17499,1577,56.772,1363,49.068,1357,48.852,1180.94,53313.186,,248,903,1402,9516,3,-45
9:54:28,17230,1577,56.772,1352,48.672,1345,48.42,1183.63,53315.876,,248,903,1402,9396,3,-43
9:54:28,16964,1577,56.772,1342,48.312,1336,48.096,1186.302,53318.548,,248,903,1375,9360,3,-44
9:54:29,16700,1577,56.772,1331,47.916,1325,47.7,1188.952,53321.198,,248,898,1375,9540,3,-45
9:54:29,16438,1577,56.772,1321,47.556,1314,47.304,1191.58,53323.826,,248,898,1361,9696,3,-43
9:54:29,16178,1577,56.772,1310,47.16,1303,46.908,1194.186,53326.432,,248,898,1347,9528,3,-43
9:54:29,15920,1577,56.772,1300,46.8,1293,46.548,1196.772,53329.018,,248,898,1347,9540,3,-43
9:54:29,15657,1577,56.772,1289,46.404,1281,46.116,1199.334,53331.58,,248,903,1319,9636,3,-42
9:54:30,15404,1577,56.772,1279,46.044,1272,45.792,1201.878,53334.124,,248,903,1319,9480,3,-44
9:54:30,15152,1577,56.772,1268,45.648,1261,45.396,1204.4,53336.646,,248,903,1319,9396,2,-45
9:54:30,14903,1577,56.772,1258,45.288,1251,45.036,1206.902,53339.148,,248,903,1305,9384,2,-45
9:54:30,14655,1577,56.772,1247,44.892,1241,44.676,1209.384,53341.63,,248,903,1305,9348,2,-46
9:54:30,14409,1577,56.772,1237,44.532,1231,44.316,1211.846,53344.092,,248,908,1277,9456,2,-46
9:54:31,14166,1577,56.772,1226,44.136,1220,43.92,1214.286,53346.532,,248,903,1263,9612,2,-45
9:54:31,13925,1577,56.772,1216,43.776,1208,43.488,1216.702,53348.948,,248,903,1250,9612,2,-42
9:54:31,13686,1577,56.772,1205,43.38,1198,43.128,1219.098,53351.344,,248,903,1250,9756,2,-43
9:54:31,13449,1577,56.772,1195,43.02,1189,42.804,1221.476,53353.722,,248,903,1236,9792,2,-46
9:54:31,13208,1577,56.772,1184,42.624,1178,42.408,1223.832,53356.078,,248,903,1236,9744,2,-47
9:54:32,12975,1577,56.772,1174,42.264,1167,42.012,1226.166,53358.412,,248,913,1222,9372,2,-45
9:54:32,12744,1577,56.772,1163,41.868,1157,41.652,1228.48,53360.726,,248,908,1208,9372,2,-45
9:54:32,12516,1577,56.772,1153,41.508,1147,41.292,1230.774,53363.02,,248,908,1194,9792,2,-46
9:54:32,12289,1577,56.772,1142,41.112,1137,40.932,1233.048,53365.294,,248,908,1194,9900,2,-48
9:54:32,12064,1577,56.772,1132,40.752,1126,40.536,1235.3,53367.546,,248,898,1166,9660,2,-46
9:54:33,11842,1577,56.772,1121,40.356,1115,40.14,1237.53,53369.776,,248,898,1166,9660,1,-45
9:54:33,11621,1567,56.412,1111,39.996,1104,39.744,1239.738,53371.984,,248,903,1138,9888,1,-44
9:54:33,11403,1567,56.412,1100,39.6,1095,39.42,1241.928,53374.174,,248,898,1138,9948,1,-47
9:54:33,11187,1567,56.412,1090,39.24,1084,39.024,1244.096,53376.342,,248,898,1125,9840,1,-47
9:54:33,10967,1567,56.412,1079,38.844,1074,38.664,1246.244,53378.49,,248,898,1111,9696,1,-47
9:54:34,10755,1567,56.412,1069,38.484,1064,38.304,1248.372,53380.618,,248,898,1111,9540,1,-48
9:54:34,10545,1567,56.412,1058,38.088,1053,37.908,1250.478,53382.724,,248,898,1111,9792,1,-47
9:54:34,10336,1567,56.412,1048,37.728,1043,37.548,1252.564,53384.81,,248,898,1083,9936,1,-47
9:54:34,10130,1567,56.412,1037,37.332,1034,37.224,1254.632,53386.878,,248,893,1083,9984,1,-50
9:54:34,9926,1567,56.412,1027,36.972,1022,36.792,1256.676,53388.922,,248,893,1055,9996,1,-48
9:54:35,9841,1567,56.412,1022,36.792,1012,36.432,1258.7,53390.946,,248,893,1055,9960,1,-38
9:54:35,9642,1567,56.412,1012,36.432,1002,36.072,1260.704,53392.95,,248,893,1041,9924,1,-36
9:54:35,9444,1567,56.412,1002,36.072,992,35.712,1262.688,53394.934,,248,898,1041,10152,1,-41
9:54:35,9248,1567,56.412,991,35.676,980,35.28,1264.648,53396.894,,248,898,1027,9636,1,-42
9:54:35,9050,1567,56.412,981,35.316,971,34.956,1266.59,53398.836,,248,883,1027,9324,1,-44
9:54:36,8858,1567,56.412,970,34.92,962,34.632,1268.514,53400.76,,248,883,1013,8688,1,-48
9:54:36,8667,1567,56.412,960,34.56,955,34.38,1270.424,53402.67,,248,874,986,9180,1,-53
9:54:36,8479,1567,56.412,949,34.164,944,33.984,1272.312,53404.558,,248,864,986,9372,0,-52
9:54:36,8292,1567,56.412,939,33.804,935,33.66,1274.182,53406.428,,248,864,972,9720,0,-50
9:54:36,8108,1567,56.412,928,33.408,925,33.3,1276.032,53408.278,,248,864,958,9900,0,-51
9:54:37,7925,1567,56.412,918,33.048,914,32.904,1277.86,53410.106,,248,869,958,10500,0,-49
9:54:37,7745,1567,56.412,907,32.652,902,32.472,1279.664,53411.91,,248,864,958,10548,0,-46
9:54:37,7568,1567,56.412,897,32.292,891,32.076,1281.446,53413.692,,248,864,930,10452,0,-44
9:54:37,7392,1567,56.412,887,31.932,881,31.716,1283.208,53415.454,,248,864,930,10368,0,-45
9:54:37,7214,1567,56.412,876,31.536,869,31.284,1284.946,53417.192,,248,854,930,10200,0,-45
9:54:38,7043,1567,56.412,865,31.14,858,30.888,1286.662,53418.908,,248,854,916,9924,0,-45
9:54:38,6874,1567,56.412,855,30.78,849,30.564,1288.36,53420.606,,248,844,902,9672,0,-48
9:54:38,6707,1567,56.412,845,30.42,838,30.168,1290.036,53422.282,,248,844,875,9696,0,-47
9:54:38,6541,1567,56.412,834,30.024,828,29.808,1291.692,53423.938,,248,844,875,9708,0,-47
9:54:38,6378,1567,56.412,824,29.664,819,29.484,1293.33,53425.576,,248,830,861,9708,0,-50
9:54:39,6217,1567,56.412,813,29.268,808,29.088,1294.946,53427.192,,248,825,861,9912,0,-50
9:54:39,6058,1567,56.412,803,28.908,799,28.764,1296.544,53428.79,,248,869,847,9936,0,-50
9:54:39,5900,1567,56.412,792,28.512,787,28.332,1298.118,53430.364,,248,869,819,10008,0,-49
9:54:39,5745,1567,56.412,782,28.152,778,28.008,1299.674,53431.92,,248,864,819,10200,0,-49
9:54:39,5601,1567,56.412,772,27.792,766,27.576,1301.206,53433.452,,248,864,819,10260,0,-47
9:54:40,5450,1567,56.412,762,27.432,755,27.18,1302.716,53434.962,,248,849,805,10320,0,-44
9:54:40,5301,1567,56.412,751,27.036,745,26.82,1304.206,53436.452,,248,844,791,10164,0,-46
9:54:40,5155,1567,56.412,741,26.676,734,26.424,1305.674,53437.92,,248,844,763,10128,0,-47
9:54:40,5010,1567,56.412,730,26.28,725,26.1,1307.124,53439.37,,248,839,763,9936,0,-50
9:54:40,4868,1567,56.412,720,25.92,714,25.704,1308.552,53440.798,,248,839,763,9612,0,-49
9:54:41,4727,1567,56.412,710,25.56,706,25.416,1309.964,53442.21,,248,834,736,9768,0,-51
9:54:41,4589,1567,56.412,699,25.164,694,24.984,1311.352,53443.598,,248,834,736,10056,0,-50
9:54:41,4452,1567,56.412,689,24.804,685,24.66,1312.722,53444.968,,248,830,736,10188,0,-50
9:54:41,4318,1567,56.412,678,24.408,674,24.264,1314.07,53446.316,,248,844,708,10176,0,-50
9:54:41,4183,1567,56.412,668,24.048,661,23.796,1315.392,53447.638,,248,844,708,10308,0,-45
9:54:42,4052,1567,56.412,657,23.652,653,23.508,1316.698,53448.944,,248,839,708,10260,0,-48
9:54:42,3924,1567,56.412,647,23.292,641,23.076,1317.98,53450.226,,248,839,680,10260,0,-48
9:54:42,3799,1567,56.412,637,22.932,631,22.716,1319.242,53451.488,,248,839,680,10296,0,-47
9:54:42,3675,1567,56.412,626,22.536,621,22.356,1320.484,53452.73,,248,834,652,9768,0,-49
9:54:42,3553,1567,56.412,616,22.176,610,21.96,1321.704,53453.95,,248,834,652,9948,0,-48
9:54:43,3433,1567,56.412,605,21.78,600,21.6,1322.904,53455.15,,248,830,652,9984,0,-49
9:54:43,3316,1567,56.412,595,21.42,590,21.24,1324.084,53456.33,,248,830,625,9936,0,-49
9:54:43,3200,1567,56.412,585,21.06,579,20.844,1325.242,53457.488,,248,830,625,10080,0,-47
9:54:43,3087,1567,56.412,574,20.664,569,20.484,1326.38,53458.626,,248,825,611,10056,0,-48
9:54:43,2972,1567,56.412,564,20.304,559,20.124,1327.498,53459.744,,248,825,611,10104,0,-49
9:54:44,2863,1567,56.412,553,19.908,547,19.692,1328.592,53460.838,,248,820,583,10164,0,-47
9:54:44,2756,1567,56.412,543,19.548,537,19.332,1329.666,53461.912,,248,820,569,9996,0,-47
9:54:44,2651,1567,56.412,533,19.188,527,18.972,1330.72,53462.966,,248,825,569,10044,0,-47
9:54:44,2548,1567,56.412,522,18.792,515,18.54,1331.75,53463.996,,248,820,555,10164,0,-46
9:54:44,2447,1567,56.412,512,18.432,507,18.252,1332.764,53465.01,,248,820,541,10032,0,-49
9:54:45,2348,1567,56.412,502,18.072,494,17.784,1333.752,53465.998,,248,820,541,9900,0,-46
9:54:45,2251,1567,56.412,491,17.676,486,17.496,1334.724,53466.97,,248,820,527,9912,0,-48
9:54:45,2157,1567,56.412,481,17.316,475,17.1,1335.674,53467.92,,248,810,513,9828,0,-49
9:54:45,2064,1567,56.412,471,16.956,464,16.704,1336.602,53468.848,,248,810,513,10056,0,-46
9:54:45,1971,1567,56.412,460,16.56,455,16.38,1337.512,53469.758,,248,820,500,9876,0,-49
9:54:46,1883,1567,56.412,450,16.2,444,15.984,1338.4,53470.646,,248,820,486,10068,0,-49
9:54:46,1796,1567,56.412,439,15.804,432,15.552,1339.264,53471.51,,248,805,472,10128,0,-46
9:54:46,1712,1567,56.412,429,15.444,424,15.264,1340.112,53472.358,,248,805,472,9888,0,-49
9:54:46,1629,1567,56.412,419,15.084,413,14.868,1340.938,53473.184,,248,795,472,10068,0,-49
9:54:46,1549,1567,56.412,409,14.724,401,14.436,1341.74,53473.986,,248,805,444,10116,0,-44
9:54:47,1471,1567,56.412,398,14.328,393,14.148,1342.526,53474.772,,248,805,444,9864,0,-48
9:54:47,1395,1567,56.412,388,13.968,381,13.716,1343.288,53475.534,,248,800,416,10080,0,-48
9:54:47,1321,1567,56.412,378,13.608,370,13.32,1344.028,53476.274,,248,810,402,10128,0,-44
9:54:47,1249,1567,56.412,368,13.248,362,13.032,1344.752,53476.998,,248,810,402,9684,0,-47
9:54:47,1197,1567,56.412,360,12.96,351,12.636,1345.454,53477.7,,248,791,402,9936,0,-45
9:54:48,1129,1567,56.412,350,12.6,341,12.276,1346.136,53478.382,,248,786,375,9816,0,-43
9:54:48,1063,1567,56.412,340,12.24,329,11.844,1346.794,53479.04,,248,805,375,9804,0,-41
9:54:48,999,1567,56.412,330,11.88,321,11.556,1347.436,53479.682,,248,805,361,9900,0,-44
9:54:48,937,1567,56.412,320,11.52,311,11.196,1348.058,53480.304,,248,805,361,9732,0,-47
9:54:48,877,1567,56.412,310,11.16,301,10.836,1348.66,53480.906,,248,791,347,9288,0,-46
9:54:49,819,1567,56.412,300,10.8,292,10.512,1349.244,53481.49,,248,791,319,9384,0,-47
9:54:49,762,1567,56.412,289,10.404,283,10.188,1349.81,53482.056,,248,800,319,9600,0,-50
9:54:49,708,1567,56.412,279,10.044,273,9.828,1350.356,53482.602,,248,800,319,9852,0,-50
9:54:49,656,1567,56.412,269,9.684,262,9.432,1350.88,53483.126,,248,830,319,9852,0,-47
9:54:49,604,1567,56.412,259,9.324,253,9.108,1351.386,53483.632,,248,869,291,10128,0,-47
9:54:50,556,1567,56.412,249,8.964,242,8.712,1351.87,53484.116,,248,859,291,10296,0,-47
9:54:50,512,1567,56.412,239,8.604,230,8.28,1352.33,53484.576,,248,859,263,10344,0,-43
9:54:50,468,1567,56.412,229,8.244,221,7.956,1352.772,53485.018,,248,864,263,9996,0,-44
9:54:50,426,1567,56.412,219,7.884,211,7.596,1353.194,53485.44,,248,854,250,9948,0,-46
9:54:50,386,1567,56.412,210,7.56,200,7.2,1353.594,53485.84,,248,854,250,9912,0,-44
9:54:51,348,1567,56.412,200,7.2,190,6.84,1353.974,53486.22,,248,859,222,9480,0,-42
9:54:51,312,1567,56.412,190,6.84,181,6.516,1354.336,53486.582,,248,859,222,9540,0,-45
9:54:51,278,1567,56.412,180,6.48,171,6.156,1354.678,53486.924,,248,859,208,9744,0,-47
9:54:51,245,1567,56.412,170,6.12,163,5.868,1355.004,53487.25,,248,854,194,9588,0,-49
9:54:51,214,1567,56.412,160,5.76,152,5.472,1355.308,53487.554,,248,854,194,9516,0,-48
9:54:52,185,1567,56.412,150,5.4,144,5.184,1355.596,53487.842,,248,844,180,9636,0,-49
9:54:52,158,1567,56.412,141,5.076,138,4.968,1355.872,53488.118,,248,844,180,9816,0,-54
9:54:52,131,1567,56.412,130,4.68,132,4.752,1356.136,53488.382,,248,854,166,10092,0,-62
9:54:52,106,1567,56.412,120,4.32,128,4.608,1356.392,53488.638,,248,849,152,10104,0,-71
9:54:52,82,1567,56.412,108,3.888,119,4.284,1356.63,53488.876,,248,849,138,10296,0,-73
9:54:53,61,1567,56.412,98,3.528,106,3.816,1356.842,53489.088,,248,849,138,10716,0,-62
9:54:53,42,1567,56.412,87,3.132,93,3.348,1357.028,53489.274,,248,849,125,11436,0,-53
9:54:53,27,1567,56.412,77,2.772,78,2.808,1357.184,53489.43,,248,854,125,12312,0,-45
9:54:53,14,1567,56.412,68,2.448,62,2.232,1357.308,53489.554,,248,849,111,12660,0,-35
9:54:53,5,1567,56.412,60,2.16,45,1.62,1357.398,53489.644,,248,849,111,12432,0,-23
9:54:54,0,1567,56.412,56,2.016,27,0.972,1357.452,53489.698,,248,878,97,11580,0,-5
9:54:54,-3,1567,56.412,0,0.0,14,0.504,1357.48,53489.726,,248,883,69,10824,0,-77
9:54:54,-3,1567,56.412,0,0.0,2,0.072,1357.484,53489.73,,248,883,55,9252,0,-91
9:54:54,-3,1567,56.412,0,0.0,0,0.0,1357.484,53489.73,,248,883,55,9252,0,-58
